"_id","participantID","systemID","userInput","botResponse","retrievalMethod","studyMode","retrievedDocuments","confidenceMetrics","timestamp"
"69f107e666c1c2b8748fe52d","milestone3_test_002","2","Explain retrieval augmented generation from my uploaded document.","### What it means 
Retrieval Augmented Generation (RAG) is a hybrid approach for enhancing the capabilities of chatbots or language models. Instead of relying solely on pre-trained knowledge, RAG integrates retrieval mechanisms, allowing the system to pull in relevant pieces of information from a defined set of documents or data. It operates in two main phases: retrieval and generation. First, when a user poses a question, the system searches a database of smaller document chunks to find the most relevant information. Then, it uses this retrieved evidence to generate a nuanced answer that leverages both the retrieved content and its language understanding capacity.

### Why it matters
RAG is especially important because it combines the strengths of both retrieval systems and generative models. This approach offers several significant advantages:
1. **Enhanced Accuracy**: By grounding answers in specific documents, RAG enables more accurate responses based on current information rather than solely on the model's pre-existing knowledge.
2. **Transparency**: Users can see the sources of information that support the chatbot's responses, which builds trust and helps them verify the reliability of the answers.
3. **Adaptability**: As new data or documents are added, the system can easily incorporate this into its database without needing a complete retraining, thus staying current with minimal effort.

### Simple Example
Imagine a student accessing a research assistant chatbot to get insights about a specific topic, say ""quantum computing."" 
- **Without RAG**: The chatbot would rely on its trained knowledge, potentially giving a generic answer that might be outdated or not specific enough.
- **With RAG**: The chatbot retrieves the latest information from several relevant documents provided by the user on quantum computing, such as recent findings or theoretical advancements. It cites these documents and provides a detailed answer that includes the most current data, such as specific algorithms or recent experiments, enhancing the quality of the interaction.

### Study takeaway
Retrieval Augmented Generation enables a more reliable and informed interaction between users and AI systems. By allowing chatbots to provide answers based on the latest and most relevant materials, RAG enhances not only the accuracy of the information given but also offers transparency in how those answers are formed. This is particularly critical in fields like computer science, where information evolves rapidly, and staying informed is essential. However, it's important to consider that the effectiveness of RAG depends on the quality and relevance of the retrieved documents; thus, having a robust database is crucial.","semantic","explain","[{""docName"":""milestone3_seed_document.txt"",""chunkIndex"":0,""chunkText"":""Retrieval augmented generation, or RAG, helps a chatbot answer questions using uploaded course materials. The system first breaks documents into smaller chunks, stores those chunks, retrieves relevant evidence for a user question, and then asks the language model to answer with that evidence. This improves transparency because the interface can show retrieved evidence and confidence information alongside the chatbot response."",""relevanceScore"":0.5959930373706734}]","{""overallConfidence"":0.4171951261594714,""retrievalConfidence"":0.4171951261594714,""responseConfidence"":null,""retrievalMethod"":""semantic""}","2026-04-28T19:17:58.485Z"
"69f107ee66c1c2b8748fe530","milestone3_test_002","2","Give me a simpler example.","### Simpler Explanation
Retrieval Augmented Generation (RAG) is a process where a system doesn't just generate answers from what it knows but also looks up information from a larger body of text, like a knowledge base or database, to give more accurate and relevant responses.

### Analogy
Imagine you're writing a research paper. Instead of relying solely on your memory, you also look up facts from books and articles in a library. This process of gathering external information helps you create a better paper. RAG works similarly; it pulls in extra information to enhance the answers it provides.

### Step-by-Step Breakdown
1. **Query Initiation**: A question is asked.
2. **Information Retrieval**: The system searches a large database or corpus for related documents or passages that could help answer the question.
3. **Answer Generation**: Using both the retrieved information and its internal knowledge, the system generates a response.
4. **Response Delivery**: The final answer is presented, enriched by the external information it found.

### Concrete Example
Suppose you ask a system, ""What are the main advantages of solar energy?"" 

- Instead of just responding with what it knows, it first checks a database for recent studies, statistics, and expert opinions about solar energy.
- After finding relevant documents or snippets that discuss cost savings, environmental benefits, and technological advancements, it synthesizes this information.
- The system then generates an answer like, ""Solar energy is advantageous because it reduces electricity bills, lowers carbon emissions, and has become more efficient due to recent technological innovations.""

### Limitation
Unfortunately, I couldn't find specific evidence from your uploaded documents to illustrate this example or the concept of RAG further. If you have particular elements of RAG in mind or other documents, please share, and I can help elaborate!","semantic","simplify","[]","{""overallConfidence"":0,""retrievalConfidence"":0,""responseConfidence"":null,""retrievalMethod"":""semantic""}","2026-04-28T19:18:06.087Z"
"69f109c666c1c2b8748fe58a","2","2","Explain [concept] from my uploaded course materials in simple language. Include why it matters and one concrete example.","It seems that there is no current access to your uploaded course materials, which limits my ability to provide a specific explanation of the concept you mentioned. However, I’ll offer you a general structure based on typical concepts found in computer science courses. You can specify the concept if you’d like a tailored explanation.

### What it means:
In computer science, concepts often include terms like algorithms, data structures, machine learning, or software design. Each of these represents fundamental ideas or methods used in computing. For example, an **algorithm** is a step-by-step procedure for solving a problem or completing a task, like sorting a list of numbers.

### Why it matters:
Understanding core concepts is crucial because they form the foundation for more complex ideas and applications. For instance, if you are not clear on algorithms, it becomes challenging to write efficient code or to understand how software processes data. As software becomes more integral in various fields, the ability to reason through algorithms directly impacts problem-solving and innovation.

### Simple example:
Consider a simple algorithm called **Bubble Sort**, which organizes a list of numbers. It repeatedly goes through the list, compares adjacent numbers, and swaps them if they are in the wrong order. For instance, if you have the numbers [4, 2, 3], Bubble Sort will first compare 4 and 2, swap them to get [2, 4, 3], and then compare 4 and 3, swap again to finally get [2, 3, 4]. This simple algorithm helps to understand how sorting works.

### Study takeaway:
When you study concepts like algorithms, you strengthen your analytical skills, enabling you to tackle real-world problems more effectively. It's essential to grasp these foundational ideas to build a robust knowledge base for advanced topics in computer science.

Please feel free to provide the specific concept you’d like to learn about, and I will refine my explanation accordingly!","semantic","explain","[]","{""overallConfidence"":0,""retrievalConfidence"":0,""responseConfidence"":null,""retrievalMethod"":""semantic""}","2026-04-28T19:25:58.509Z"
"69f109e266c1c2b8748fe595","2","2","what is the RP about","It appears that no specific evidence was retrieved regarding ""RP,"" which might refer to various concepts depending on the context (e.g., Randomized Polynomial Time, Role Playing, or something else specific to your course). Given that, I will provide a general structure for explaining an aspect of ""RP,"" assuming it refers to **Randomized Polynomial Time**, a common concept in computer science, particularly in complexity theory.

### What it Means
**Randomized Polynomial Time (RP)** refers to a class of decision problems for which a randomized algorithm can provide a correct answer in polynomial time with a certain probability. In simpler terms, if you run a RP algorithm enough times, it can make correct decisions based on random choices, specifically when determining whether a given input is a ""yes"" or ""no"" for a particular problem.

### Why it Matters
Understanding RP is important because it represents problems where solutions can be verified quickly using randomization, reflecting how many real-world algorithms function. This has applications in cryptography, randomized algorithms, and complexity theory. It helps demonstrate that some problems can be approached effectively when deterministic methods are impractical or infeasible due to time constraints.

### Simple Example
Consider a coin-flipping scenario: You are asked whether a number is prime. Instead of checking all factors directly (which can take a long time for large numbers), a randomized algorithm might pick a few random numbers to test as potential factors. If, after many trials, it concludes that the number is likely prime with a certain probability (e.g., it only found non-factors in all trials), it can accept this conclusion. Conversely, if it detects a factor, it can confidently say the number is not prime. The algorithm runs in polynomial time relative to the size of the number, allowing for quick assessments.

### Study Takeaway
The concept of RP helps graduate students appreciate the balance between time complexity and the trade-offs made when using randomness in algorithms. By knowing that many problems can efficiently leverage randomization, students are better equipped to tackle complex issues in computational theory and algorithm design.

If ""RP"" refers to something different in your studies, please let me know so I can provide a more accurate and relevant explanation!","semantic","explain","[]","{""overallConfidence"":0,""retrievalConfidence"":0,""responseConfidence"":null,""retrievalMethod"":""semantic""}","2026-04-28T19:26:26.313Z"
"69f10a0e66c1c2b8748fe5af","2","2","what is the research paper?","Based on the evidence retrieved from the paper ""Automatically Generating Interesting Facts from Wikipedia Tables"" by Flip Korn et al., let’s break down the key concepts around the research presented in a clear and approachable manner.

### What it Means
The research paper introduces a method for automatically generating interesting trivia statements, referred to as ""facticles,"" from relational tables found on Wikipedia. The authors focus on ""superlative tables,"" which contain rankings based on statistics (e.g., most popular movies, tallest buildings). By analyzing these tables, the research aims to extract engaging and trustworthy facts that can be presented in contexts like search engine knowledge panels.

### Why it Matters
This research matters because it addresses a significant challenge in information retrieval and presentation: generating interesting and reliable content at scale. Traditionally, creating engaging trivia is resource-intensive and often results in dull or inaccurate facts. By automating this process, the researchers can enhance user engagement with search results, provide richer context for queries, and improve overall information accessibility. 

Moreover, this has implications for how data is communicated to broader audiences, influencing everything from educational resources to personalized content delivery on platforms.

### Simple Example
Imagine a superlative table on Wikipedia listing the highest-grossing films of all time. The research paper's approach could take such a table and create a fun fact, like: ""Avatar is not only the highest-grossing film worldwide but also known for its pioneering use of 3D technology."" This fact is both engaging and informative, potentially capturing a user’s interest far better than presenting just figures or metadata.

### Study Takeaway
The key takeaway from this study is the potential to apply automation and natural language generation techniques to distill complex data into enjoyable and insightful facts. Understanding this process can empower future research in data science, machine learning, and natural language processing, illustrating the importance of leveraging existing data resources (like Wikipedia) to create enriched user experiences.

This overview synthesizes the concepts from the research paper but is limited to what was found in the retrieved evidence. If you have specific aspects of the paper you want to dive deeper into, please let me know!","tfidf","explain","[{""docName"":""korn2019automatically.pdf"",""chunkIndex"":0,""chunkText"":""Automatically Generating Interesting Facts from Wikipedia Tables Flip Korn Google Research NYC flip@google.com Xuezhi Wang Google Research NYC xuezhiw@google.com You Wu Google Research NYC wuyou@google.com Cong Yu Google Research NYC congyu@google.com ABSTRACT Modern search engines provide contextual information sur- rounding query entities beyondten blue linksin the form of information cards. Among the various attributes displayed about entities there has been recent interest in providing fun facts. Obtaining such trivia at a large scale is, however, non- trivial: hiring professional content creators is expensive and extracting statements from the Web is prone to uninteresting, out-of-context and/or unreliable facts. In this paper we show how fun facts can be mined from superlative tablesin Wikipedia, whose rows are ranked ac- cording to some statistics, to provide a large volume of reli- able and interesting content. We employ a template-based approach to semi-automatically generate "",""relevanceScore"":17.69633641581823},{""docName"":""korn2019automatically.pdf"",""chunkIndex"":75,""chunkText"":""al template classes (e.g., to capture outliers) that could also apply to tables other than superlative tables. Industry 1: Data Applications SIGMOD ’19, June 30–July 5, 2019, Amsterdam, Netherlands 360 Automatically Generating Interesting Facts from Wikipedia TablesSIGMOD ’19, June 30-July 5, 2019, Amsterdam, Netherlands REFERENCES [1]Nicholas D. Allen, John R. Templon, Patrick Summerhays McNally, Larry Birnbaum, and Kristian J. Hammond. 2010. StatsMonkey: A Data- Driven Sports Narrative Writer. InComputational Models of Narrative, Papers from the 2010 AAAI Fall Symposium, Arlington, Virginia, USA, November 11-13, 2010. http://www.aaai.org/ocs/index.php/FSS/FSS10/ paper/view/2305 [2]Sreeram Balakrishnan, Alon Y. Halevy, Boulos Harb, Hongrae Lee, Jayant Madhavan, Afshin Rostamizadeh, Warren Shen, Kenneth Wilder, Fei Wu, and Cong Yu. 2015. Applying WebTables in Practice. InCIDR 2015, Seventh Biennial Conference on Innovative Data Systems Research, Asilomar, CA, USA, January 4-7, 2015, On"",""relevanceScore"":7.171024974223647},{""docName"":""korn2019automatically.pdf"",""chunkIndex"":5,""chunkText"":""ting sentences out of context, choosing Industry 1: Data ApplicationsSIGMOD ’19, June 30–July 5, 2019, Amsterdam, Netherlands 349 This work is licensed under a Creative Commons Attribution International 4.0 License. SIGMOD ’19, June 30-July 5, 2019, Amsterdam, NetherlandsF. Korn et al. Figure 1: Example facticle at the bottom of the Google Knowledge Panel for the movieFrozen unexceptional or esoteric facts, etc.) and, as we demonstrate in Section 6, users prefer them. In this paper, we present details from our approach for generating natural language trivia statements from relational tables in Wikipedia. Given the popularity of ranked lists (“listicles”) and entity comparisons (e.g., [22]), we focus on superlative tablesas a natural source of interesting facts; we call the resulting statementsfacticles(for facts from tables). Our contributions are as follows: •We show how to identify from Wikipedia a large number of relational tables, and attributes within each table, that are an excel"",""relevanceScore"":3.662587827025453}]","{""overallConfidence"":1,""retrievalConfidence"":1,""responseConfidence"":null,""retrievalMethod"":""tfidf""}","2026-04-28T19:27:10.479Z"
"69f10a3566c1c2b8748fe5c4","2","2","can you retrieve any reference","It looks like there are no specific references or evidence available from your uploaded materials to address your request directly. However, I can explain the concept of **""Participant ID"" and ""System ID""** in the context of user studies or experimental research, which may relate to your work or readings. 

### What it Means
- **Participant ID**: This is a unique identifier assigned to each participant in a study. It helps researchers keep track of responses and data without revealing the individual’s identity, ensuring that the information remains confidential. For example, Participant ID: 2 indicates the second participant enrolled in the study.
- **System ID**: This can refer to an identifier used to denote different systems or conditions within a study. In a comparative analysis, for instance, System ID: 2 might signify the second system or treatment group being tested, allowing researchers to compare outcomes across various conditions efficiently.

### Why it Matters
Using identifiers like Participant ID and System ID is critical for maintaining the integrity and organization of research data. They allow researchers to:
- Ensure participant anonymity, which is essential for ethical compliance.
- Facilitate data analysis by easily categorizing results based on groupings (e.g., control vs. experimental).
- Track data without confusing specific participants or systems, which can improve clarity in reporting results.

### Simple Example
Imagine you’re conducting a survey on user experience with a new software tool. Each participant fills out the survey anonymously, but you use a Participant ID to link responses to specific users without disclosing who they are. If you have System ID for different interfaces of the software (like a mobile app versus a web app), you can compare satisfaction levels and usability in an organized manner. For instance, if results show higher satisfaction scores for System ID: 1 (the mobile app), researchers can delve deeper into why that might be the case.

### Study Takeaway
Understanding the roles of Participant ID and System ID is essential for conducting systematic research. These identifiers not only support data organization and analysis but also ensure ethical standards in participant confidentiality. This basic understanding helps you design and analyze studies more effectively, facilitating better comparisons and conclusions based on your findings.

If you have a specific context in which these terms are used or if you’d like clarification on something else, please let me know!","semantic","explain","[]","{""overallConfidence"":0,""retrievalConfidence"":0,""responseConfidence"":null,""retrievalMethod"":""semantic""}","2026-04-28T19:27:49.988Z"
"69f10b5466c1c2b8748fe63f","milestone3_test_001","1","What usability signals should this chatbot collect?","The usability signals that this chatbot should collect include:

1. Participant ID entry - tracking whether participants successfully input their ID.
2. Successful chat messages - monitoring whether users can effectively send and receive messages.
3. Visible conversation history - ensuring users can see their past interactions in the chat.
4. Interface events - collecting data on user interactions such as clicks, focus actions, and hovers.

These signals will help evaluate if participants can complete tasks, understand the interface, and recover from mistakes. 

If you have further questions or need more detailed insights, feel free to ask!","semantic","general","[{""docName"":""m3_seed_baseline.txt"",""chunkIndex"":0,""chunkText"":""Usability testing evaluates whether participants can complete tasks, understand the interface, and recover from mistakes. For this chatbot prototype, important usability signals include participant ID entry, successful chat messages, visible conversation history, and interface events such as clicks, focus actions, and hovers."",""relevanceScore"":0.7069833239874703}]","{""overallConfidence"":0.49488832679122924,""retrievalConfidence"":0.49488832679122924,""responseConfidence"":null,""retrievalMethod"":""semantic""}","2026-04-28T19:32:36.065Z"
"69f10b5766c1c2b8748fe642","milestone3_test_001","1","Why should conversation history be tied to participant ID?","Conversation history should be tied to participant ID to ensure effective usability testing of the chatbot prototype. This linkage allows for the analysis of individual participant interactions, enabling researchers to assess whether users can successfully complete tasks, understand the interface, and recover from mistakes. By associating conversation history with a specific participant ID, it becomes easier to identify patterns in user behavior, pinpoint areas of confusion, and improve the overall user experience. 

However, the evidence retrieved does not provide detailed reasoning or specific advantages of this practice beyond usability testing functionalities, so further research may be needed to strengthen the argument.","semantic","general","[{""docName"":""m3_seed_baseline.txt"",""chunkIndex"":0,""chunkText"":""Usability testing evaluates whether participants can complete tasks, understand the interface, and recover from mistakes. For this chatbot prototype, important usability signals include participant ID entry, successful chat messages, visible conversation history, and interface events such as clicks, focus actions, and hovers."",""relevanceScore"":0.3441706485164785}]","{""overallConfidence"":0.24091945396153497,""retrievalConfidence"":0.24091945396153497,""responseConfidence"":null,""retrievalMethod"":""semantic""}","2026-04-28T19:32:39.152Z"
"69f10b6266c1c2b8748fe645","milestone3_test_002","2","Compare semantic retrieval and TF-IDF using my uploaded documents.","### Paper says
The paper outlines that in a retrieval-augmented generation (RAG) system, semantic retrieval is employed to find information by comparing embeddings, which are numerical representations of semantic meanings. This method focuses on the conceptual similarities between text snippets, allowing for more nuanced understanding and retrieval based on context rather than mere keyword matches. On the other hand, TF-IDF (Term Frequency-Inverse Document Frequency) retrieval is described as being heavily reliant on the frequency of words in the documents and the rarity of those words across a broader set of documents. This method prioritizes exact matches of keywords and captures which terms are more significant based on their distribution.

### Slides or other source says
The slides emphasize that semantic retrieval leverages vector embeddings generated from text to gauge similarity in meaning, which facilitates the retrieval of documents that relate contextually even if they do not share the same keywords. In contrast, TF-IDF is characterized by its use of statistical measures to determine the importance of words in a document in relation to a corpus, which can fail to capture the underlying meanings when synonyms or related concepts are present but not matched.

### Key differences
1. **Methodology**: 
   - **Semantic Retrieval**: Uses embeddings and measures semantic similarity.
   - **TF-IDF**: Uses frequency metrics for keyword analysis without understanding context.

2. **Flexibility**:
   - **Semantic Retrieval**: More flexible in retrieving relevant information that may not share keywords (e.g., ""car"" and ""automobile"").
   - **TF-IDF**: Less flexible, as it strictly correlates with word matching, which may miss related concepts.

3. **Context Understanding**:
   - **Semantic Retrieval**: Requires understanding the context and meaning behind words, allowing it to handle various language nuances.
   - **TF-IDF**: Lacks this understanding, making it more prone to incorrect or incomplete contextual retrieval.

### Study takeaway
The choice between semantic retrieval and TF-IDF affects how information is retrieved and utilized in systems like chatbots or search engines. While TF-IDF can be efficient for straightforward keyword searches, semantic retrieval provides a deeper, more meaningful approach for complex queries that require understanding context and nuance. In practical applications, utilizing semantic retrieval can significantly enhance user experience by returning more relevant and contextually appropriate information. However, keep in mind that this comparison relies on a limited selection of evidence, primarily from the paper and slides, so further exploration of other sources may provide a broader understanding.","semantic","compare","[{""docName"":""m3_seed_rag_compare.txt"",""chunkIndex"":0,""chunkText"":""A retrieval augmented generation system uses uploaded documents as evidence before producing an answer. Semantic retrieval compares embeddings to find conceptually similar chunks, while TF-IDF retrieval focuses on keyword overlap. Showing retrieved evidence helps users understand why the chatbot responded in a certain way."",""relevanceScore"":0.5759975501910304}]","{""overallConfidence"":0.40319828513372125,""retrievalConfidence"":0.40319828513372125,""responseConfidence"":null,""retrievalMethod"":""semantic""}","2026-04-28T19:32:50.216Z"
"69f10b6a66c1c2b8748fe648","milestone3_test_002","2","Define confidence metrics for chatbot answers.","### Definition
Confidence metrics for chatbot answers evaluate the reliability or accuracy of the responses generated by the chatbot. These metrics gauge how certain the system is about the correctness of its answer based on the evidence it has retrieved.

### Course Context
In the context of the course materials on Retrieval Augmented Generation (RAG), confidence metrics are important because they enable the chatbot to provide not just an answer, but an assessment of how trustworthy that answer is based on the supporting documents. As mentioned in the retrieved evidence, the chatbot uses a two-step process: it retrieves relevant evidence from course materials and then generates an answer. The confidence metrics serve to enhance transparency, allowing users to see the basis of the chatbot's response.

### Plain-Language Explanation
Confidence metrics can be thought of as a score that tells you how many ""thumbs up"" the chatbot gives its own answer. If the chatbot found strong documents that support its answer, it might say, ""I'm 80% sure this is right."" If it had less evidence, it might only say, ""I'm 50% sure."" This helps users trust the chatbot and decide if they should take the answer seriously.

### Example
Imagine a student asks a chatbot, ""What is the significance of RAG in improving chatbot responses?"" The chatbot retrieves two relevant documents. If one document is highly relevant and the chatbot finds several strong supporting statements, it might display a confidence metric of 90%. However, if it retrieves only vague references or out-of-date information, it might show a confidence metric of 60%. This distinction can help the student understand when to rely on the answer or seek additional information.

### Limitations
The retrieved evidence does not provide specific details on how these confidence metrics are quantified or calculated, leaving a gap in understanding the practical implementation of such metrics. Further insights may be required from additional resources to fully elucidate the mechanisms behind confidence scoring in chatbot responses.","semantic","define","[{""docName"":""milestone3_seed_document.txt"",""chunkIndex"":0,""chunkText"":""Retrieval augmented generation, or RAG, helps a chatbot answer questions using uploaded course materials. The system first breaks documents into smaller chunks, stores those chunks, retrieves relevant evidence for a user question, and then asks the language model to answer with that evidence. This improves transparency because the interface can show retrieved evidence and confidence information alongside the chatbot response."",""relevanceScore"":0.3792530566065129},{""docName"":""m3_seed_rag_compare.txt"",""chunkIndex"":0,""chunkText"":""A retrieval augmented generation system uses uploaded documents as evidence before producing an answer. Semantic retrieval compares embeddings to find conceptually similar chunks, while TF-IDF retrieval focuses on keyword overlap. Showing retrieved evidence helps users understand why the chatbot responded in a certain way."",""relevanceScore"":0.37088588950248713}]","{""overallConfidence"":0.26715057304536416,""retrievalConfidence"":0.26715057304536416,""responseConfidence"":null,""retrievalMethod"":""semantic""}","2026-04-28T19:32:58.711Z"
"69f10b7166c1c2b8748fe64b","milestone3_test_004","2","Explain confidence metrics in simple language.","### What it means
Confidence metrics are numerical indicators that assess the reliability of a chatbot's response based on the evidence it retrieves. When a chatbot provides an answer, the system calculates a score that reflects how well the retrieved documents or data support that answer. A score close to 1 (high score) suggests strong evidence backing the response, while a score closer to 0 (low score) indicates weak or insufficient evidence.

### Why it matters
Understanding confidence metrics is crucial because they help users gauge the quality of the chatbot's answers. For instance, if the confidence score is low, users should be aware that the response might not be reliable, prompting them to seek clarification or additional information. This helps in avoiding misinformation and ensures that users can trust the insights provided by the system.

### Simple example
Imagine a chatbot is asked, ""What are the benefits of machine learning?"" If it retrieves a document with a strong relevance score (say, 0.9), the confidence score for that answer might be high (close to 1). This suggests the chatbot's answer is likely well-supported. However, if the retrieved evidence has a low score (like 0.3), the confidence score would be low too, alerting the user that the information may not be accurate or comprehensive enough to rely on.

### Study takeaway
Confidence metrics serve as a crucial tool for evaluating the strength of chatbot responses. By understanding these scores, master's students can critically assess the output of AI systems, distinguishing between high-quality information and less reliable answers. In the context of your studies, leveraging confidence metrics can enhance decision-making and research quality when interacting with AI tools and systems.","semantic","explain","[{""docName"":""m3_seed_confidence.txt"",""chunkIndex"":0,""chunkText"":""Confidence metrics summarize how strong the retrieved evidence is for a chatbot response. A high confidence answer usually has relevant document chunks with strong retrieval scores. A low confidence answer should warn the participant that the uploaded evidence may be weak or missing."",""relevanceScore"":0.5450018964415126}]","{""overallConfidence"":0.38150132750905885,""retrievalConfidence"":0.38150132750905885,""responseConfidence"":null,""retrievalMethod"":""semantic""}","2026-04-28T19:33:05.551Z"
"69f10b7a66c1c2b8748fe64e","milestone3_test_004","2","Give a simpler example of low confidence evidence.","### Simpler Explanation
Low confidence evidence means that the information or support backing up an answer isn’t very strong. This could happen if the information is vague, not directly related to the question, or pulled from sources that aren't reliable.

### Analogy
Think of low confidence evidence like a shaky bridge. You might still be able to cross it, but you would hesitate because you’re not sure if it’s safe. Similarly, when evidence for an answer is low confidence, you should be cautious about believing or acting on that information.

### Step-by-Step Breakdown
1. **Understanding the Score**: The retrieved evidence was assigned a score of 0.5533. This score is close to the middle point (1.0 being high confidence), which suggests the evidence is not particularly strong.
2. **Checking Relevance**: Low confidence evidence might come from sources that don’t closely relate to the question being asked.
3. **Evaluating Reliability**: If the evidence comes from documents that are not well-established or widely accepted, that can lower confidence.
4. **Implications**: It's important to note that if you rely on low confidence evidence, your conclusions or actions might be based on inaccurate or incomplete information.

### Concrete Example
Imagine you’re researching a new programming language and you find a blog post that mentions its advantages but doesn’t cite any sources or provide examples. You read it and feel unsure about whether the benefits presented are legitimate because there’s no strong backing. In this case, that blog post would be low confidence evidence; while it might offer some information, it lacks the credibility necessary to trust it fully. 

Let me know if you need further clarification or more examples!","semantic","simplify","[{""docName"":""m3_seed_confidence.txt"",""chunkIndex"":0,""chunkText"":""Confidence metrics summarize how strong the retrieved evidence is for a chatbot response. A high confidence answer usually has relevant document chunks with strong retrieval scores. A low confidence answer should warn the participant that the uploaded evidence may be weak or missing."",""relevanceScore"":0.5533224212508052}]","{""overallConfidence"":0.3873256948755637,""retrievalConfidence"":0.3873256948755637,""responseConfidence"":null,""retrievalMethod"":""semantic""}","2026-04-28T19:33:14.931Z"
"69f10c4466c1c2b8748fe65b","milestone3_test_006","2","Explain the main contribution of this paper using my uploaded research paper.","### Main Contribution of the Paper

Based on the retrieved evidence from your uploaded research papers, here’s a structured breakdown of the main contributions:

#### What it means
The paper you are referring to introduces the **Transformer**, a new neural network architecture specifically designed for handling sequence transduction tasks such as language translation and text generation. Traditional models for these tasks heavily relied on recurrent layers (like LSTMs) and convolutional layers. In contrast, the Transformer architecture is entirely based on **attention mechanisms**, which allows it to process input data in parallel rather than sequentially. This architecture includes an encoder-decoder structure, where both components utilize self-attention mechanisms to weigh the significance of different parts of the input data more efficiently.

#### Why it matters
The shift to a Transformer-based architecture has significant implications for various fields within machine learning, particularly in natural language processing (NLP). Here are a few reasons why this contribution is crucial:
1. **Efficiency**: By eliminating recurrence, the Transformer can handle longer sequences without the computational bottlenecks found in RNNs. This results in faster training times and the ability to scale to larger datasets.
2. **Performance**: The paper notes improved results in tasks such as translation and language modeling compared to previous state-of-the-art methods. The attention mechanism allows the model to focus on the most relevant parts of the input, leading to better contextual understanding.
3. **Flexibility**: The model’s architecture enables it to be adapted for various tasks beyond NLP, including image processing and audio transcription, due to the general-purpose design of the attention mechanism.

#### Simple example
Consider a scenario where a model needs to translate the English sentence ""The cat sat on the mat"" into French. In traditional RNN-based models, each word would be processed in sequence, which could lead to difficulties in maintaining context if the sentence is long or complex. Using the Transformer, the model assesses the importance of all words simultaneously, allowing it to recognize that ""cat"" and ""mat"" are more relevant to the overall translation than ""the."" Thus, it can translate the sentence more accurately to ""Le chat est assis sur le tapis.""

#### Study takeaway
The main takeaway from this paper is that the Transformer architecture, which leverages attention mechanisms rather than traditional recurrent or convolutional structures, marks a significant advancement in sequence transduction tasks. It allows for parallelization of input data and has led to notable performance improvements in various applications, paving the way for future innovations in machine learning and artificial intelligence.

If you need clarification on specific aspects or more detailed explanations regarding any part of the Transformer architecture or attention mechanisms, let me know!","semantic","explain","[{""docName"":""1706.03762v7.pdf"",""chunkIndex"":37,""chunkText"":""xt and to investigate local, restricted attention mechanisms to efficiently handle large inputs and outputs such as images, audio and video. Making generation less sequential is another research goals of ours. The code we used to train and evaluate our models is available athttps://github.com/ tensorflow/tensor2tensor. Acknowledgements We are grateful to Nal Kalchbrenner and Stephan Gouws for their fruitful comments, corrections and inspiration. References [1]Jimmy Lei Ba, Jamie Ryan Kiros, and Geoffrey E Hinton. Layer normalization. arXiv preprint arXiv:1607.06450, 2016. [2] Dzmitry Bahdanau, Kyunghyun Cho, and Yoshua Bengio. Neural machine translation by jointly learning to align and translate. CoRR, abs/1409.0473, 2014. [3] Denny Britz, Anna Goldie, Minh-Thang Luong, and Quoc V. Le. Massive exploration of neural machine translation architectures. CoRR, abs/1703.03906, 2017. [4] Jianpeng Cheng, Li Dong, and Mirella Lapata. Long short-term memory-networks for machine reading. arXiv pr"",""relevanceScore"":0.3126000362071927},{""docName"":""1706.03762v7.pdf"",""chunkIndex"":0,""chunkText"":""Provided proper attribution is provided, Google hereby grants permission to reproduce the tables andfigures in this paper solely for use in journalistic or scholarly works. Attention Is All You Need Ashish Vaswani ∗ Google Brain avaswani@google.com Noam Shazeer ∗ Google Brain noam@google.com Niki Parmar ∗ Google Research nikip@google.com Jakob Uszkoreit ∗ Google Research usz@google.com Llion Jones ∗ Google Research llion@google.com Aidan N. Gomez ∗† University of Toronto aidan@cs.toronto.edu Łukasz Kaiser ∗ Google Brain lukaszkaiser@google.com Illia Polosukhin ∗‡ illia.polosukhin@gmail.com Abstract The dominant sequence transduction models are based on complex recurrent or convolutional neural networks that include an encoder and a decoder. The best performing models also connect the encoder and decoder through an attention mechanism. We propose a new simple network architecture, the Transformer, based solely on attention mechanisms, dispensing with recurrence and convolutions entirely"",""relevanceScore"":0.3021060897762603},{""docName"":""1706.03762v7.pdf"",""chunkIndex"":3,""chunkText"":""debase, and efficient inference and visualizations. Lukasz and Aidan spent countless long days designing various parts of and implementing tensor2tensor, replacing our earlier codebase, greatly improving results and massively accelerating our research. † Work performed while at Google Brain. ‡ Work performed while at Google Research. 31st Conference on Neural Information Processing Systems (NIPS 2017), Long Beach, CA, USA. arXiv:1706.03762v7 [cs.CL] 2 Aug 2023 1 Introduction Recurrent neural networks, long short-term memory [13] and gated recurrent [7] neural networks in particular, have beenfirmly established as state of the art approaches in sequence modeling and transduction problems such as language modeling and machine translation [35,2,5]. Numerous efforts have since continued to push the boundaries of recurrent language models and encoder-decoder architectures [38, 24, 15]. Recurrent models typically factor computation along the symbol positions of the input and output sequences"",""relevanceScore"":0.3008463462599123}]","{""overallConfidence"":0.22048503351576706,""retrievalConfidence"":0.22048503351576706,""responseConfidence"":null,""retrievalMethod"":""semantic""}","2026-04-28T19:36:36.149Z"
"69f10c4c66c1c2b8748fe65e","milestone3_test_006","2","Define self-attention as described in the paper.","### Definition
Self-attention, also known as intra-attention, is an attention mechanism that assesses different positions within a single sequence to create a holistic representation of that sequence. It evaluates how much focus each part of the sequence should get relative to others, thereby capturing contextual relationships effectively.

### Course Context
In the context of the paper mentioned, self-attention is crucial in the architecture of the Transformer model, which relies solely on this mechanism for processing inputs and outputs. This is significant because traditional models typically use recurrent neural networks (RNNs) or convolutional networks, whereas the Transformer facilitates immediate access to any part of the sequence during training and inference. This ability allows for the parallelization of computations, leading to significant gains in efficiency and performance across various tasks such as reading comprehension and text summarization.

### Plain-language Explanation
Think of self-attention as a way for each word in a sentence to ""check in"" with every other word to understand the overall meaning better. It looks at all the words together instead of one by one. This means it can catch how words relate to each other, even if they are far apart in a sentence. 

### Example
For example, in the sentence ""The cat that sat on the mat is very fluffy,"" if we want to know what ""is very fluffy"" refers to, self-attention would help the model see that ""cat"" is crucial for understanding that part. It can see the relationship between ""cat"" and ""is very fluffy,"" even if they are separated by other words in the sentence.

### Limitation
The evidence used to explain self-attention primarily comes from the provided paper, which focuses heavily on its role within the Transformer model. It doesn’t cover other models or techniques, so while it gives a good understanding of self-attention's application, it could benefit from a comparison with other attention mechanisms or examples from varied sources for a broader perspective.","semantic","define","[{""docName"":""1706.03762v7.pdf"",""chunkIndex"":7,""chunkText"":""ibed in section 3.2. Self-attention, sometimes called intra-attention is an attention mechanism relating different positions of a single sequence in order to compute a representation of the sequence. Self-attention has been used successfully in a variety of tasks including reading comprehension, abstractive summarization, textual entailment and learning task-independent sentence representations [4, 27, 28, 22]. End-to-end memory networks are based on a recurrent attention mechanism instead of sequence- aligned recurrence and have been shown to perform well on simple-language question answering and language modeling tasks [34]. To the best of our knowledge, however, the Transformer is the first transduction model relying entirely on self-attention to compute representations of its input and output without using sequence- aligned RNNs or convolution. In the following sections, we will describe the Transformer, motivate self-attention and discuss its advantages over models such as [17, 18"",""relevanceScore"":0.5815202389409718},{""docName"":""1706.03762v7.pdf"",""chunkIndex"":47,""chunkText"":""om: Isolated attentions from just the word ‘its’ for attention heads 5 and 6. Note that the attentions are very sharp for this word. 14 Figure 5: Many of the attention heads exhibit behaviour that seems related to the structure of the sentence. We give two such examples above, from two different heads from the encoder self-attention at layer 5 of 6. The heads clearly learned to perform different tasks. 15"",""relevanceScore"":0.510282837434844},{""docName"":""1706.03762v7.pdf"",""chunkIndex"":46,""chunkText"":""R, abs/1606.04199, 2016. [40] Muhua Zhu, Yue Zhang, Wenliang Chen, Min Zhang, and Jingbo Zhu. Fast and accurate shift-reduce constituent parsing. In Proceedings of the 51st Annual Meeting of the ACL (Volume 1: Long Papers), pages 434–443. ACL, August 2013. 12 Attention Visualizations Figure 3: An example of the attention mechanism following long-distance dependencies in the encoder self-attention in layer 5 of 6. Many of the attention heads attend to a distant dependency of the verb ‘making’, completing the phrase ‘making...more difficult’. Attentions here shown only for the word ‘making’. Different colors represent different heads. Best viewed in color. 13 Figure 4: Two attention heads, also in layer 5 of 6, apparently involved in anaphora resolution. Top: Full attentions for head 5. Bottom: Isolated attentions from just the word ‘its’ for attention heads 5 and 6. Note that the attentions are very sharp for this word. 14 Figure 5: Many of the attention heads exhibit behaviour that see"",""relevanceScore"":0.4671393480482483}]","{""overallConfidence"":0.41606083488392853,""retrievalConfidence"":0.41606083488392853,""responseConfidence"":null,""retrievalMethod"":""semantic""}","2026-04-28T19:36:44.155Z"
"69f10c5666c1c2b8748fe661","milestone3_test_006","2","Give a simpler example of how multi-head attention works.","### Simpler Explanation
Multi-head attention is a mechanism that allows a model to focus on different parts of the input data simultaneously. Instead of analyzing the information in one way, it breaks the task into several smaller “heads,” each looking for different relationships within the data. After each head processes the data, their results are combined to form a more comprehensive understanding.

### Analogy
Think of multi-head attention like a group of detectives investigating a crime scene. Each detective (head) focuses on a different aspect of the crime—one looks at fingerprints, another interviews witnesses, and a third examines security footage. Individually, they gather valuable information, but when they come together and share their findings, they get a clearer picture of what happened. 

### Step-by-step Breakdown
1. **Input Representation**: Each piece of data is mapped into three different vectors: Query (Q), Key (K), and Value (V). These vectors contain the information that the model uses to make decisions.
  
2. **Dot Product Calculation**: Each head compares the query vector to all key vectors using dot products. This comparison helps the model determine which parts of the input are most relevant.

3. **Weights Calculation**: The scores from the dot products are then turned into weights using a softmax function, which helps to prioritize the most relevant information.

4. **Weighted Sum**: Each head takes its calculated weights and uses them to produce a weighted sum of the value vectors, focusing on the most relevant data.

5. **Concatenation**: All of the outputs from each head are combined into a single vector.

6. **Final Projection**: This combined vector is then passed through a linear layer (with parameters learned during training) to produce the final output.

### Concrete Example
Suppose we have a sentence: ""The cat sat on the mat."" In a simplified multi-head attention:

- **Head 1** might focus on the relationships between ""cat"" and ""sat.""
- **Head 2** might look at how ""sat"" relates to ""on.""
- **Head 3** might check how all these words relate to ""mat.""

Each head processes the input in its unique way, identifying different relationships. After they have all done their work, we combine their findings to get a nuanced understanding of the entire sentence instead of just one perspective—this helps the model understand context better and improves tasks like translation or summarization.

### Limitations in Evidence
The evidence retrieved primarily provides a technical overview and mathematical formulations without concrete examples or simpler illustrations for multi-head attention. If you need specific examples or case studies from your papers, please provide those documents so we can drill down further!","semantic","simplify","[{""docName"":""1706.03762v7.pdf"",""chunkIndex"":14,""chunkText"":""n parallel, yieldingd v -dimensional 4 To illustrate why the dot products get large, assume that the components ofqandkare independent random variables with mean0and variance1. Then their dot product,q·k =  d k i=1 q i k i , has mean0and varianced k . 4 output values. These are concatenated and once again projected, resulting in the final values, as depicted in Figure 2. Multi-head attention allows the model to jointly attend to information from different representation subspaces at different positions. With a single attention head, averaging inhibits this. MultiHead(Q, K, V ) = Concat(head 1 ,, head h )W O where head i = Attention(QW Q i , KW K i , V W V i ) Where the projections are parameter matricesW Q i ∈R d model ×d k ,W K i ∈R d model ×d k ,W V i ∈R d model ×d v and W O ∈R hd v ×d model . In this work we employh = 8parallel attention layers, or heads. For each of these we use d k = d v = d model h = 64. Due to the reduced dimension of each head, the total computational cost"",""relevanceScore"":0.5951674502036394},{""docName"":""1706.03762v7.pdf"",""chunkIndex"":15,""chunkText"":""×d model . In this work we employh = 8parallel attention layers, or heads. For each of these we use d k = d v = d model h = 64. Due to the reduced dimension of each head, the total computational cost is similar to that of single-head attention with full dimensionality. 3.2.3 Applications of Attention in our Model The Transformer uses multi-head attention in three different ways: • In \""encoder-decoder attention\"" layers, the queries come from the previous decoder layer, and the memory keys and values come from the output of the encoder. This allows every position in the decoder to attend over all positions in the input sequence. This mimics the typical encoder-decoder attention mechanisms in sequence-to-sequence models such as [38, 2, 9]. • The encoder contains self-attention layers. In a self-attention layer all of the keys, values and queries come from the same place, in this case, the output of the previous layer in the encoder. Each position in the encoder can attend to all position"",""relevanceScore"":0.5888918420903622},{""docName"":""1706.03762v7.pdf"",""chunkIndex"":10,""chunkText"":""uce outputs of dimension d model = 512. Decoder: The decoder is also composed of a stack ofN = 6identical layers. In addition to the two sub-layers in each encoder layer, the decoder inserts a third sub-layer, which performs multi-head attention over the output of the encoder stack. Similar to the encoder, we employ residual connections around each of the sub-layers, followed by layer normalization. We also modify the self-attention sub-layer in the decoder stack to prevent positions from attending to subsequent positions. This masking, combined with fact that the output embeddings are offset by one position, ensures that the predictions for position i can depend only on the known outputs at positions less than i. 3.2 Attention An attention function can be described as mapping a query and a set of key-value pairs to an output, where the query, keys, values, and output are all vectors. The output is computed as a weighted sum 3 Scaled Dot-Product AttentionMulti-Head Attention Figure 2: "",""relevanceScore"":0.5811989110180217}]","{""overallConfidence"":0.4171502877566044,""retrievalConfidence"":0.4171502877566044,""responseConfidence"":null,""retrievalMethod"":""semantic""}","2026-04-28T19:36:54.413Z"
